{"start": {"rock": 0.514067135108708, "paper": -0.2, "scissors": -0.2}, "scissors": {"rock": 0.08682312310366758, "paper": 0.24994349183098535, "scissors": 1.5296240113619926}, "paper": {"rock": -0.14453211681448513, "paper": 0.4466362944475072, "scissors": -0.1696}, "rock": {"rock": 1.5523641118883384, "paper": 4.6180826206088454, "scissors": 1.495239373429745}, "start,start": {"rock": -0.2, "paper": 0.0, "scissors": 0}, "start,paper": {"rock": -0.2, "paper": 0, "scissors": 0.038000000000000006}, "paper,paper": {"rock": 1.424978388071648, "paper": 1.6909323128604448, "scissors": 2.2138734867627763}, "paper,scissors": {"rock": 0.6140609449633164, "paper": -0.2, "scissors": 2.0293335461332207}, "scissors,scissors": {"rock": 2.509298978065586, "paper": 0.22168412895776657, "scissors": 0.9180278742005064}, "scissors,rock": {"rock": 0.925555079806625, "paper": 0, "scissors": 0}, "rock,rock": {"rock": 0.8777499911975624, "paper": 1.8944751114150242, "scissors": 0.16924408009363068}, "rock,paper": {"rock": 2.0942253236451345, "paper": 0.04242403761038052, "scissors": 1.1837056906000352}, "scissors,paper": {"rock": 0, "paper": 2.3631586523107067, "scissors": 1.1830372759951426}, "paper,rock": {"rock": 0.37233609008313723, "paper": 1.9877353963301612, "scissors": 0.4468521369319003}, "rock,scissors": {"rock": 0.6034739968333047, "paper": 0, "scissors": 0}}